blocks_dims,blocks_dropout,mlp_hidden_dims,mlp_activation,mlp_dropout,mlp_batchnorm,mlp_batchnorm_last,mlp_linear_first,embed_dropout,lr,batch_size,weight_decay,optimizer,lr_scheduler,base_lr,max_lr,div_factor,final_div_factor,n_cycles,val_loss
same,0.5,None,relu,0.1,False,False,False,0.1,0.0004,32,0.0,Adam,OneCycleLR,0.001,0.01,25,1000.0,5.0,0.2849889610120108
same,0.5,None,relu,0.1,False,False,False,0.0,0.0004,32,0.0,Adam,OneCycleLR,0.001,0.01,25,1000.0,5.0,0.28531562358560697
same,0.5,None,relu,0.1,False,False,False,0.1,0.0004,128,0.0,AdamW,OneCycleLR,0.001,0.01,25,1000.0,5.0,0.28544851682252353
same,0.5,None,relu,0.1,False,False,False,0.1,0.0004,64,0.0,AdamW,OneCycleLR,0.001,0.01,25,1000.0,5.0,0.28545272266361077
same,0.5,None,relu,0.1,False,False,False,0.1,0.0004,32,0.0,AdamW,OneCycleLR,0.001,0.01,25,1000.0,5.0,0.2855880802471033
same,0.5,None,relu,0.1,False,False,False,0.0,0.0004,128,0.0,AdamW,OneCycleLR,0.001,0.01,25,1000.0,5.0,0.2858277302649286
same,0.5,None,relu,0.1,False,False,False,0.0,0.0004,32,0.0,RAdam,OneCycleLR,0.001,0.01,25,1000.0,5.0,0.28586832654308264
same,0.5,None,relu,0.1,False,False,False,0.1,0.001,128,0.0,Adam,ReduceLROnPlateau,0.001,0.01,25,10000.0,5.0,0.28632991057303214
same,0.5,None,relu,0.1,False,False,False,0.1,0.0004,32,0.0,AdamW,OneCycleLR,0.001,0.01,25,1000.0,5.0,0.2864597858992261
same,0.5,None,relu,0.1,False,False,False,0.1,0.0004,64,0.0,Adam,OneCycleLR,0.001,0.01,25,1000.0,5.0,0.28668628475615676
same,0.5,None,relu,0.1,False,False,False,0.1,0.001,1024,0.0,AdamW,ReduceLROnPlateau,0.001,0.01,25,10000.0,5.0,0.2868682205677032
same,0.5,None,relu,0.1,False,False,False,0.1,0.0004,64,0.0,Adam,OneCycleLR,0.001,0.01,25,1000.0,5.0,0.2868891563004171
same,0.5,None,relu,0.1,False,False,False,0.1,0.0004,64,0.0,RAdam,OneCycleLR,0.001,0.01,25,1000.0,5.0,0.28691597975475686
same,0.5,None,relu,0.1,False,False,False,0.1,0.0004,128,0.0,RAdam,OneCycleLR,0.001,0.01,25,1000.0,5.0,0.2870177717672454
same,0.5,None,relu,0.1,False,False,False,0.1,0.0004,32,0.0,RAdam,OneCycleLR,0.001,0.01,25,1000.0,5.0,0.2871194354874987
same,0.5,None,relu,0.1,False,False,False,0.1,0.0005,128,0.0,RAdam,CyclicLR,0.0005,0.01,25,10000.0,10.0,0.28724359886513817
same,0.5,None,relu,0.1,False,False,False,0.0,0.0004,128,0.0,Adam,OneCycleLR,0.001,0.01,25,1000.0,5.0,0.287354020608796
same,0.5,None,relu,0.1,False,False,False,0.1,0.0004,32,0.0,RAdam,OneCycleLR,0.001,0.01,25,1000.0,5.0,0.2874028029471216
same,0.5,None,relu,0.1,False,False,False,0.0,0.0004,128,0.0,Adam,OneCycleLR,0.001,0.01,25,1000.0,5.0,0.28748585573501056
same,0.5,None,relu,0.1,False,False,False,0.1,0.0004,128,0.0,AdamW,OneCycleLR,0.001,0.01,25,1000.0,5.0,0.28750606667664313
same,0.5,None,relu,0.1,False,False,False,0.0,0.0004,64,0.0,RAdam,OneCycleLR,0.001,0.01,25,1000.0,5.0,0.28754375707095775
same,0.5,None,relu,0.1,False,False,False,0.0,0.0004,64,0.0,AdamW,OneCycleLR,0.001,0.01,25,1000.0,5.0,0.2875630133588549
"[100,100,100]",0.5,None,relu,0.1,False,False,False,0.1,0.001,1024,0.0,RAdam,ReduceLROnPlateau,0.001,0.01,25,10000.0,5.0,0.2875835359096527
same,0.5,None,relu,0.1,False,False,False,0.1,0.0005,128,0.0,AdamW,CyclicLR,0.0005,0.01,25,10000.0,10.0,0.28765472107463413
same,0.5,None,relu,0.1,False,False,False,0.1,0.0004,32,0.0,Adam,OneCycleLR,0.001,0.01,25,1000.0,5.0,0.2878061967941237
same,0.5,None,relu,0.1,False,False,False,0.1,0.001,128,0.0,RAdam,ReduceLROnPlateau,0.001,0.01,25,10000.0,5.0,0.28786665283971363
same,0.5,None,relu,0.1,False,False,False,0.0,0.0004,32,0.0,AdamW,OneCycleLR,0.001,0.01,25,1000.0,5.0,0.2880397465237429
same,0.5,None,relu,0.1,False,False,False,0.1,0.0004,128,0.0,Adam,OneCycleLR,0.001,0.01,25,1000.0,5.0,0.2880510050389502
same,0.5,None,relu,0.1,False,False,False,0.1,0.0004,64,0.0,AdamW,OneCycleLR,0.001,0.01,25,1000.0,5.0,0.2881930718119715
same,0.5,None,relu,0.1,False,False,False,0.0,0.0004,64,0.0,RAdam,OneCycleLR,0.001,0.01,25,1000.0,5.0,0.28821071027450157
same,0.5,None,relu,0.1,False,False,False,0.1,0.001,128,0.0,AdamW,ReduceLROnPlateau,0.001,0.01,25,10000.0,5.0,0.28841675197084743
same,0.5,None,relu,0.1,False,False,False,0.0,0.0004,32,0.0,Adam,OneCycleLR,0.001,0.01,25,1000.0,5.0,0.2884255040069701
same,0.5,None,relu,0.1,False,False,False,0.0,0.0005,128,0.0,RAdam,CyclicLR,0.0005,0.01,25,10000.0,10.0,0.28851665059725445
"[50,50,50,50]",0.2,None,relu,0.1,False,False,False,0.1,0.001,1024,0.0,Adam,ReduceLROnPlateau,0.001,0.01,25,10000.0,5.0,0.288554847240448
same,0.5,None,relu,0.1,False,False,False,0.0,0.0004,128,0.0,RAdam,OneCycleLR,0.001,0.01,25,1000.0,5.0,0.2888126133216752
same,0.5,None,relu,0.1,False,False,False,0.0,0.0004,32,0.0,AdamW,OneCycleLR,0.001,0.01,25,1000.0,5.0,0.2888298016303862
same,0.5,None,relu,0.1,False,False,False,0.1,0.0005,128,0.0,Adam,CyclicLR,0.0005,0.01,25,10000.0,10.0,0.28885091468691826
same,0.5,None,relu,0.1,False,False,False,0.0,0.0004,32,0.0,RAdam,OneCycleLR,0.001,0.01,25,1000.0,5.0,0.2888876693454427
"[100,100,100]",0.5,None,relu,0.1,False,False,False,0.1,0.001,128,0.0,Adam,ReduceLROnPlateau,0.001,0.01,25,10000.0,5.0,0.28891030616230434
same,0.5,None,relu,0.1,False,False,False,0.0,0.0004,64,0.0,Adam,OneCycleLR,0.001,0.01,25,1000.0,5.0,0.28892134644196066
same,0.5,None,relu,0.1,False,False,False,0.0,0.0005,128,0.0,AdamW,CyclicLR,0.0005,0.01,25,10000.0,10.0,0.2890041739576393
same,0.5,None,relu,0.1,False,False,False,0.0,0.0005,128,0.0,Adam,CyclicLR,0.0005,0.01,25,10000.0,10.0,0.2890062953035037
same,0.5,None,relu,0.1,False,False,False,0.1,0.0004,128,0.0,Adam,OneCycleLR,0.001,0.01,25,1000.0,5.0,0.28901425210966003
same,0.5,None,relu,0.1,False,False,False,0.0,0.0004,128,0.0,RAdam,OneCycleLR,0.001,0.01,25,1000.0,5.0,0.28905118587944245
same,0.5,None,relu,0.1,False,False,False,0.1,0.001,1024,0.0,RAdam,ReduceLROnPlateau,0.001,0.01,25,10000.0,5.0,0.28922637104988097
same,0.5,None,relu,0.1,False,False,False,0.0,0.0004,64,0.0,Adam,OneCycleLR,0.001,0.01,25,1000.0,5.0,0.2892549289783961
same,0.5,None,relu,0.1,False,False,False,0.0,0.001,1024,0.0,Adam,ReduceLROnPlateau,0.001,0.01,25,10000.0,5.0,0.2892712473869324
same,0.5,None,relu,0.1,False,False,False,0.0,0.0004,64,0.0,AdamW,OneCycleLR,0.001,0.01,25,1000.0,5.0,0.2894510872347254
"[200,200,200]",0.5,"[200,100]",relu,0.5,False,False,False,0.1,0.001,128,0.0,RAdam,ReduceLROnPlateau,0.001,0.01,25,10000.0,5.0,0.28957464214828277
same,0.5,None,relu,0.1,False,False,False,0.0,0.001,128,0.0,AdamW,ReduceLROnPlateau,0.001,0.01,25,10000.0,5.0,0.2896355113221539
"[200,200,200]",0.5,"[200,200]",relu,0.5,False,False,False,0.1,0.001,512,0.0,Adam,ReduceLROnPlateau,0.001,0.01,25,10000.0,5.0,0.28978826933436924
same,0.5,None,relu,0.1,False,False,False,0.1,0.0004,64,0.0,RAdam,OneCycleLR,0.001,0.01,25,1000.0,5.0,0.28995094479809347
same,0.5,None,relu,0.1,False,False,False,0.0,0.001,128,0.0,Adam,ReduceLROnPlateau,0.001,0.01,25,10000.0,5.0,0.2902703425950474
"[100,100,100]",0.5,None,relu,0.1,False,False,False,0.1,0.001,128,0.0,RAdam,ReduceLROnPlateau,0.001,0.01,25,10000.0,5.0,0.2902873990436395
"[50,50,50,50]",0.2,None,relu,0.1,False,False,False,0.1,0.001,512,0.0,RAdam,ReduceLROnPlateau,0.001,0.01,25,10000.0,5.0,0.2905864550007714
same,0.5,None,relu,0.1,False,False,False,0.1,0.001,1024,0.0,Adam,ReduceLROnPlateau,0.001,0.01,25,10000.0,5.0,0.29070127606391905
same,0.5,None,relu,0.1,False,False,False,0.1,0.0004,128,0.0,RAdam,OneCycleLR,0.001,0.01,25,1000.0,5.0,0.2909584136472808
"[100,100,100]",0.5,None,relu,0.1,False,False,False,0.1,0.001,1024,0.0,AdamW,ReduceLROnPlateau,0.001,0.01,25,10000.0,5.0,0.290971565246582
"[50,50,50,50]",0.2,None,relu,0.1,False,False,False,0.1,0.001,128,0.0,Adam,ReduceLROnPlateau,0.001,0.01,25,10000.0,5.0,0.29122588369581437
same,0.5,None,relu,0.1,False,False,False,0.0,0.0004,128,0.0,AdamW,OneCycleLR,0.001,0.01,25,1000.0,5.0,0.2913023829460144
"[50,50,50,50]",0.2,None,relu,0.1,False,False,False,0.1,0.001,512,0.0,AdamW,ReduceLROnPlateau,0.001,0.01,25,10000.0,5.0,0.2913764218489329
"[100,100,100]",0.5,None,relu,0.1,False,False,False,0.1,0.001,1024,0.0,Adam,ReduceLROnPlateau,0.001,0.01,25,10000.0,5.0,0.2914234399795532
same,0.5,None,relu,0.1,False,False,False,0.0,0.0004,32,0.0,Adam,OneCycleLR,0.001,0.01,25,1000.0,5.0,0.29189822166948254
"[200,200,200]",0.5,"[200,100]",relu,0.5,False,False,False,0.1,0.001,128,0.0,Adam,ReduceLROnPlateau,0.001,0.01,25,10000.0,5.0,0.29191210120916367
"[50,50,50,50]",0.2,None,relu,0.1,False,False,False,0.1,0.001,128,0.0,RAdam,ReduceLROnPlateau,0.001,0.01,25,10000.0,5.0,0.29197535125745666
"[200,200,200]",0.5,None,relu,0.1,False,False,False,0.1,0.001,128,0.0,AdamW,ReduceLROnPlateau,0.001,0.01,25,10000.0,5.0,0.2920737630791134
same,0.5,None,relu,0.1,False,False,False,0.0,0.001,128,0.0,RAdam,ReduceLROnPlateau,0.001,0.01,25,10000.0,5.0,0.29208068177103996
"[50,50,50,50]",0.2,None,relu,0.1,False,False,False,0.1,0.001,1024,0.0,RAdam,ReduceLROnPlateau,0.001,0.01,25,10000.0,5.0,0.2921165585517883
same,0.5,None,relu,0.1,False,False,False,0.0,0.001,1024,0.0,AdamW,ReduceLROnPlateau,0.001,0.01,25,10000.0,5.0,0.29221575856208803
same,0.1,auto,relu,0.1,False,False,False,0.1,0.001,128,0.0,AdamW,ReduceLROnPlateau,0.001,0.01,25,10000.0,5.0,0.2923424322572019
"[100, 100, 100]",0.1,"[100, 50]",relu,0.1,False,False,False,0.1,0.03,128,0.0,RAdam,ReduceLROnPlateau,0.001,0.01,25,10000.0,5.0,0.2923545369671451
"[50,50,50]",0.1,"[50,50]",relu,0.1,False,False,False,0.1,0.001,128,0.0,AdamW,ReduceLROnPlateau,0.001,0.01,25,10000.0,5.0,0.29255840761793983
"[100,100,100]",0.2,"[100,100]",relu,0.2,False,False,False,0.1,0.001,1024,0.0,Adam,ReduceLROnPlateau,0.001,0.01,25,10000.0,5.0,0.29267609119415283
"[400,400,400]",0.5,"[400,200]",relu,0.5,False,False,False,0.1,0.001,128,0.0,Adam,ReduceLROnPlateau,0.001,0.01,25,10000.0,5.0,0.29281701644261676
"[50,50,50,50]",0.2,None,relu,0.1,False,False,False,0.1,0.001,512,0.0,Adam,ReduceLROnPlateau,0.001,0.01,25,10000.0,5.0,0.2929063042004903
"[50,50,50]",0.1,"[50,50]",relu,0.1,False,False,False,0.1,0.001,128,0.0,RAdam,ReduceLROnPlateau,0.001,0.01,25,10000.0,5.0,0.2929259037805928
"[100,100,100]",0.5,None,relu,0.1,False,False,False,0.1,0.001,128,0.0,AdamW,ReduceLROnPlateau,0.001,0.01,25,10000.0,5.0,0.29297500517633224
same,0.5,None,relu,0.1,False,False,False,0.0,0.001,1024,0.0,RAdam,ReduceLROnPlateau,0.001,0.01,25,10000.0,5.0,0.2931136190891266
"[200,200,200]",0.5,None,relu,0.1,False,False,False,0.1,0.001,1024,0.0,AdamW,ReduceLROnPlateau,0.001,0.01,25,10000.0,5.0,0.29339701533317564
"[200,200,200]",0.5,None,relu,0.1,False,False,False,0.1,0.001,1024,0.0,RAdam,ReduceLROnPlateau,0.001,0.01,25,10000.0,5.0,0.2934683382511139
"[50,50,50,50]",0.2,"[50,50]",relu,0.1,False,False,False,0.1,0.001,128,0.0,Adam,ReduceLROnPlateau,0.001,0.01,25,10000.0,5.0,0.2935934017101924
"[50,50,50,50]",0.2,"[50,50]",relu,0.1,False,False,False,0.1,0.001,128,0.0,AdamW,ReduceLROnPlateau,0.001,0.01,25,10000.0,5.0,0.2936098016798496
"[200,200,200]",0.5,"[200,200]",relu,0.5,False,False,False,0.1,0.001,512,0.0,AdamW,ReduceLROnPlateau,0.001,0.01,25,10000.0,5.0,0.2936829129854838
same,0.5,None,relu,0.1,False,False,False,0.0,0.0004,32,0.0,AdamW,OneCycleLR,0.001,0.01,25,1000.0,5.0,0.2938792112637574
"[50,50,50,50]",0.2,None,relu,0.1,False,False,False,0.1,0.001,1024,0.0,AdamW,ReduceLROnPlateau,0.001,0.01,25,10000.0,5.0,0.2939410448074341
"[200,200,200]",0.5,"[200,100]",relu,0.5,False,False,False,0.1,0.001,128,0.0,AdamW,ReduceLROnPlateau,0.001,0.01,25,10000.0,5.0,0.2941363433168994
same,0.5,None,relu,0.1,False,False,False,0.1,0.0004,32,0.0,Adam,OneCycleLR,0.001,0.01,25,1000.0,5.0,0.29438356100253654
"[50,50,50,50]",0.2,"[50,50]",relu,0.1,False,False,False,0.1,0.001,128,0.0,RAdam,ReduceLROnPlateau,0.001,0.01,25,10000.0,5.0,0.294396936479542
"[50,50,50,50]",0.2,None,relu,0.1,False,False,False,0.1,0.001,128,0.0,AdamW,ReduceLROnPlateau,0.001,0.01,25,10000.0,5.0,0.2944318821860684
"[100, 100, 100]",0.1,"[100, 50]",relu,0.1,False,False,False,0.0,0.03,128,0.0,RAdam,ReduceLROnPlateau,0.001,0.01,25,10000.0,5.0,0.294457145449188
"[200,200,200]",0.5,None,relu,0.1,False,False,False,0.1,0.001,1024,0.0,Adam,ReduceLROnPlateau,0.001,0.01,25,10000.0,5.0,0.2946606695652008
"[200,200,200]",0.5,None,relu,0.1,False,False,False,0.0,0.001,128,0.0,AdamW,ReduceLROnPlateau,0.001,0.01,25,10000.0,5.0,0.29467997120486367
"[100,100,100]",0.5,None,relu,0.1,False,False,False,0.0,0.001,128,0.0,Adam,ReduceLROnPlateau,0.001,0.01,25,10000.0,5.0,0.29475409330593216
"[200,200,200]",0.5,None,relu,0.1,False,False,False,0.1,0.001,128,0.0,RAdam,ReduceLROnPlateau,0.001,0.01,25,10000.0,5.0,0.29477135257588494
same,0.5,None,relu,0.1,False,False,False,0.0,0.0004,64,0.0,Adam,OneCycleLR,0.001,0.01,25,1000.0,5.0,0.294813957012875
same,0.5,None,relu,0.1,False,False,False,0.1,0.0004,32,0.0,AdamW,OneCycleLR,0.001,0.01,25,1000.0,5.0,0.2949809948848167
"[100, 100, 100]",0.1,"[100, 50]",relu,0.1,False,False,False,0.1,0.001,128,0.0,Adam,ReduceLROnPlateau,0.001,0.01,25,10000.0,5.0,0.2950059158934487
"[200,200,200]",0.5,None,relu,0.1,False,False,False,0.1,0.001,128,0.0,Adam,ReduceLROnPlateau,0.001,0.01,25,10000.0,5.0,0.2950873201092084
"[100,100,100]",0.2,"[100,100]",relu,0.2,False,False,False,0.1,0.001,512,0.0,AdamW,ReduceLROnPlateau,0.001,0.01,25,10000.0,5.0,0.29513030250867206
"[400,400,400]",0.5,"[400,200]",relu,0.5,False,False,False,0.1,0.001,128,0.0,RAdam,ReduceLROnPlateau,0.001,0.01,25,10000.0,5.0,0.2951689163843791
"[200,200,200]",0.5,None,relu,0.1,False,False,False,0.0,0.001,128,0.0,RAdam,ReduceLROnPlateau,0.001,0.01,25,10000.0,5.0,0.295277608351575
"[200,200,200]",0.5,"[200,100]",relu,0.5,False,False,False,0.0,0.001,128,0.0,Adam,ReduceLROnPlateau,0.001,0.01,25,10000.0,5.0,0.2955561677614848
"[100, 100, 100]",0.1,"[100, 50]",relu,0.1,False,False,False,0.1,0.001,128,0.0,AdamW,ReduceLROnPlateau,0.001,0.01,25,10000.0,5.0,0.2955593417088191
same,0.1,"[100, 50]",relu,0.1,False,False,False,0.1,0.001,128,0.0,RAdam,ReduceLROnPlateau,0.001,0.01,25,10000.0,5.0,0.29569411608907914
same,0.1,"[100, 50]",relu,0.1,False,False,False,0.1,0.001,128,0.0,AdamW,ReduceLROnPlateau,0.001,0.01,25,10000.0,5.0,0.2957691310180558
"[200,200,200]",0.5,"[200,200]",relu,0.5,False,False,False,0.0,0.001,1024,0.0,AdamW,ReduceLROnPlateau,0.001,0.01,25,10000.0,5.0,0.29578751921653745
"[50,50,50,50]",0.2,None,relu,0.1,False,False,False,0.0,0.001,128,0.0,RAdam,ReduceLROnPlateau,0.001,0.01,25,10000.0,5.0,0.29591076489951873
"[100,100,100]",0.5,None,relu,0.1,False,False,False,0.0,0.001,128,0.0,RAdam,ReduceLROnPlateau,0.001,0.01,25,10000.0,5.0,0.2960137124690745
"[50,50,50,50]",0.2,"[50,50]",relu,0.1,False,False,False,0.0,0.001,128,0.0,AdamW,ReduceLROnPlateau,0.001,0.01,25,10000.0,5.0,0.29602507543232703
"[200,200,200]",0.5,"[200,200]",relu,0.5,False,False,False,0.0,0.001,512,0.0,RAdam,ReduceLROnPlateau,0.001,0.01,25,10000.0,5.0,0.2961832516723209
"[50,50,50,50]",0.2,None,relu,0.1,False,False,False,0.0,0.001,128,0.0,Adam,ReduceLROnPlateau,0.001,0.01,25,10000.0,5.0,0.29628364990154904
"[200,200,200]",0.5,"[200,200]",relu,0.5,False,False,False,0.0,0.001,512,0.0,Adam,ReduceLROnPlateau,0.001,0.01,25,10000.0,5.0,0.2965291308032142
"[100, 100, 100]",0.1,"[100, 50]",relu,0.1,False,False,False,0.1,0.001,128,0.0,RAdam,ReduceLROnPlateau,0.001,0.01,25,10000.0,5.0,0.2966250450246864
"[50,50,50]",0.1,"[50,50]",relu,0.1,False,False,False,0.1,0.001,128,0.0,Adam,ReduceLROnPlateau,0.001,0.01,25,10000.0,5.0,0.2966339625418186
same,0.5,None,relu,0.1,False,False,False,0.0,0.0004,128,0.0,AdamW,OneCycleLR,0.001,0.01,25,1000.0,5.0,0.29685309612088734
"[200,200,200]",0.5,"[200,100]",relu,0.5,False,False,False,0.0,0.001,128,0.0,AdamW,ReduceLROnPlateau,0.001,0.01,25,10000.0,5.0,0.29697200655937195
"[400,400,400]",0.5,"[400,200]",relu,0.5,False,False,False,0.0,0.001,128,0.0,RAdam,ReduceLROnPlateau,0.001,0.01,25,10000.0,5.0,0.29698363981313175
"[200,200,200]",0.5,"[200,100]",relu,0.5,False,False,False,0.0,0.001,128,0.0,RAdam,ReduceLROnPlateau,0.001,0.01,25,10000.0,5.0,0.2970190408329169
same,0.5,None,relu,0.1,False,False,False,0.0,0.0004,64,0.0,AdamW,OneCycleLR,0.001,0.01,25,1000.0,5.0,0.2970781536169455
"[50,50,50,50]",0.2,None,relu,0.1,False,False,False,0.0,0.001,1024,0.0,RAdam,ReduceLROnPlateau,0.001,0.01,25,10000.0,5.0,0.29713547229766846
"[200,200,200]",0.5,"[200,200]",relu,0.5,False,False,False,0.0,0.001,512,0.0,AdamW,ReduceLROnPlateau,0.001,0.01,25,10000.0,5.0,0.29722359114223057
"[100,100,100]",0.5,None,relu,0.1,False,False,False,0.0,0.001,1024,0.0,RAdam,ReduceLROnPlateau,0.001,0.01,25,10000.0,5.0,0.2972578167915344
same,0.5,None,relu,0.1,False,False,False,0.0,0.0004,32,0.0,RAdam,OneCycleLR,0.001,0.01,25,1000.0,5.0,0.29726823141247455
"[200,200,200]",0.5,"[200,200]",relu,0.5,False,False,False,0.1,0.001,1024,0.0,AdamW,ReduceLROnPlateau,0.001,0.01,25,10000.0,5.0,0.2975211560726166
"[100,100,100]",0.2,"[100,100]",relu,0.2,False,False,False,0.1,0.001,512,0.0,Adam,ReduceLROnPlateau,0.001,0.01,25,10000.0,5.0,0.29783157507578534
"[400,400,400]",0.5,"[400,200]",relu,0.5,False,False,False,0.1,0.001,128,0.0,AdamW,ReduceLROnPlateau,0.001,0.01,25,10000.0,5.0,0.2978547335498863
"[400,400,400]",0.5,"[400,200]",relu,0.5,False,False,False,0.0,0.001,128,0.0,AdamW,ReduceLROnPlateau,0.001,0.01,25,10000.0,5.0,0.29787476857503253
"[100,100,100]",0.2,"[100,100]",relu,0.2,False,False,False,0.1,0.001,1024,0.0,AdamW,ReduceLROnPlateau,0.001,0.01,25,10000.0,5.0,0.2981694877147675
"[50,50,50]",0.1,"[50,50]",relu,0.1,False,False,False,0.0,0.001,128,0.0,RAdam,ReduceLROnPlateau,0.001,0.01,25,10000.0,5.0,0.2983993511233065
"[200,200,200]",0.5,"[200,200]",relu,0.5,False,False,False,0.0,0.001,1024,0.0,RAdam,ReduceLROnPlateau,0.001,0.01,25,10000.0,5.0,0.29873154163360593
"[50,50,50,50]",0.2,None,relu,0.1,False,False,False,0.0,0.001,128,0.0,AdamW,ReduceLROnPlateau,0.001,0.01,25,10000.0,5.0,0.2989424802362919
"[200,200,200]",0.5,None,relu,0.1,False,False,False,0.0,0.001,1024,0.0,RAdam,ReduceLROnPlateau,0.001,0.01,25,10000.0,5.0,0.29921427369117737
"[100,100,100]",0.2,"[100,100]",relu,0.2,False,False,False,0.1,0.001,1024,0.0,RAdam,ReduceLROnPlateau,0.001,0.01,25,10000.0,5.0,0.2992203116416931
"[50,50,50,50]",0.2,None,relu,0.1,False,False,False,0.0,0.001,1024,0.0,Adam,ReduceLROnPlateau,0.001,0.01,25,10000.0,5.0,0.29939674139022826
"[100,100,100]",0.2,"[100,100]",relu,0.2,False,False,False,0.1,0.001,512,0.0,RAdam,ReduceLROnPlateau,0.001,0.01,25,10000.0,5.0,0.29947710368368363
"[100,100,100]",0.5,None,relu,0.1,False,False,False,0.0,0.001,128,0.0,AdamW,ReduceLROnPlateau,0.001,0.01,25,10000.0,5.0,0.29948460848795044
"[50,50,50]",0.1,"[50,50]",relu,0.1,False,False,False,0.0,0.001,128,0.0,Adam,ReduceLROnPlateau,0.001,0.01,25,10000.0,5.0,0.2995401509106159
same,0.1,"[100, 50]",relu,0.1,False,False,False,0.1,0.001,128,0.0,Adam,ReduceLROnPlateau,0.001,0.01,25,10000.0,5.0,0.2995945049656762
"[200,200,200]",0.5,"[200,200]",relu,0.5,False,False,False,0.1,0.001,1024,0.0,Adam,ReduceLROnPlateau,0.001,0.01,25,10000.0,5.0,0.2996226966381073
"[50,50,50,50]",0.2,None,relu,0.1,False,False,False,0.0,0.001,512,0.0,Adam,ReduceLROnPlateau,0.001,0.01,25,10000.0,5.0,0.29984480142593384
"[400,400,400]",0.5,"[400,200]",relu,0.5,False,False,False,0.0,0.001,128,0.0,Adam,ReduceLROnPlateau,0.001,0.01,25,10000.0,5.0,0.2999506899052196
"[100,100,100]",0.2,"[100,100]",relu,0.2,False,False,False,0.0,0.001,512,0.0,RAdam,ReduceLROnPlateau,0.001,0.01,25,10000.0,5.0,0.30006551411416793
"[100,100,100]",0.5,None,relu,0.1,False,False,False,0.0,0.001,1024,0.0,Adam,ReduceLROnPlateau,0.001,0.01,25,10000.0,5.0,0.30010671019554136
"[200,200,200]",0.5,None,relu,0.1,False,False,False,0.0,0.001,1024,0.0,AdamW,ReduceLROnPlateau,0.001,0.01,25,10000.0,5.0,0.300146621465683
"[200,200,200]",0.5,"[200,200]",relu,0.5,False,False,False,0.1,0.001,512,0.0,RAdam,ReduceLROnPlateau,0.001,0.01,25,10000.0,5.0,0.3002277347776625
"[200,200,200]",0.5,"[200,200]",relu,0.5,False,False,False,0.0,0.001,1024,0.0,Adam,ReduceLROnPlateau,0.001,0.01,25,10000.0,5.0,0.3006879150867462
"[50,50,50]",0.1,"[50,50]",relu,0.1,False,False,False,0.0,0.001,128,0.0,AdamW,ReduceLROnPlateau,0.001,0.01,25,10000.0,5.0,0.30074746906757355
same,0.5,None,relu,0.1,False,False,False,0.1,0.0004,64,0.0,AdamW,OneCycleLR,0.001,0.01,25,1000.0,5.0,0.30106066817968663
same,0.5,None,relu,0.1,False,False,False,0.1,0.0004,64,0.0,Adam,OneCycleLR,0.001,0.01,25,1000.0,5.0,0.30128238759410214
"[100,100,100]",0.5,None,relu,0.1,False,False,False,0.0,0.001,1024,0.0,AdamW,ReduceLROnPlateau,0.001,0.01,25,10000.0,5.0,0.30145793557167055
"[50,50,50,50]",0.2,"[50,50]",relu,0.1,False,False,False,0.0,0.001,128,0.0,Adam,ReduceLROnPlateau,0.001,0.01,25,10000.0,5.0,0.30166587399111855
same,0.5,None,relu,0.1,False,False,False,0.0,0.0004,128,0.0,Adam,OneCycleLR,0.001,0.01,25,1000.0,5.0,0.3016747944056988
"[50,50,50,50]",0.2,None,relu,0.1,False,False,False,0.0,0.001,512,0.0,AdamW,ReduceLROnPlateau,0.001,0.01,25,10000.0,5.0,0.30177473028500873
"[50,50,50,50]",0.2,None,relu,0.1,False,False,False,0.0,0.001,1024,0.0,AdamW,ReduceLROnPlateau,0.001,0.01,25,10000.0,5.0,0.301806902885437
"[100, 100, 100]",0.1,"[100, 50]",relu,0.1,False,False,False,0.0,0.001,128,0.0,Adam,ReduceLROnPlateau,0.001,0.01,25,10000.0,5.0,0.3019481918050183
same,0.5,None,relu,0.1,False,False,False,0.1,0.0004,128,0.0,Adam,OneCycleLR,0.001,0.01,25,1000.0,5.0,0.302273182819287
"[200,200,200]",0.5,None,relu,0.1,False,False,False,0.0,0.001,128,0.0,Adam,ReduceLROnPlateau,0.001,0.01,25,10000.0,5.0,0.3022997486922476
same,0.1,auto,relu,0.1,False,False,False,0.1,0.001,128,0.0,RAdam,ReduceLROnPlateau,0.001,0.01,25,10000.0,5.0,0.3024493447608418
"[100, 100, 100]",0.1,"[100, 50]",relu,0.1,False,False,False,0.0,0.001,128,0.0,AdamW,ReduceLROnPlateau,0.001,0.01,25,10000.0,5.0,0.3024987359013822
"[100,100,100]",0.2,"[100,100]",relu,0.2,False,False,False,0.0,0.001,1024,0.0,RAdam,ReduceLROnPlateau,0.001,0.01,25,10000.0,5.0,0.3026460826396942
same,0.1,auto,relu,0.1,False,False,False,0.0,0.001,128,0.0,AdamW,ReduceLROnPlateau,0.001,0.01,25,10000.0,5.0,0.30280208960175514
"[50,50,50,50]",0.2,"[50,50]",relu,0.1,False,False,False,0.0,0.001,128,0.0,RAdam,ReduceLROnPlateau,0.001,0.01,25,10000.0,5.0,0.303045136647092
"[50,50,50,50]",0.2,None,relu,0.1,False,False,False,0.0,0.001,512,0.0,RAdam,ReduceLROnPlateau,0.001,0.01,25,10000.0,5.0,0.303704924053616
"[100,100,100]",0.2,"[100,100]",relu,0.2,False,False,False,0.0,0.001,1024,0.0,AdamW,ReduceLROnPlateau,0.001,0.01,25,10000.0,5.0,0.3041646480560303
same,0.5,None,relu,0.1,False,False,False,0.1,0.0004,32,0.0,RAdam,OneCycleLR,0.001,0.01,25,1000.0,5.0,0.30422214345193244
same,0.1,auto,relu,0.1,False,False,False,0.1,0.001,128,0.0,Adam,ReduceLROnPlateau,0.001,0.01,25,10000.0,5.0,0.3042842712667253
same,0.5,None,relu,0.1,False,False,False,0.1,0.0004,128,0.0,AdamW,OneCycleLR,0.001,0.01,25,1000.0,5.0,0.30445627371470135
same,0.1,"[100, 50]",relu,0.1,False,False,False,0.0,0.001,128,0.0,Adam,ReduceLROnPlateau,0.001,0.01,25,10000.0,5.0,0.30471064978175694
"[100,100,100]",0.2,"[100,100]",relu,0.2,False,False,False,0.0,0.001,512,0.0,Adam,ReduceLROnPlateau,0.001,0.01,25,10000.0,5.0,0.3050736387570699
"[100,100,100]",0.2,"[100,100]",relu,0.2,False,False,False,0.0,0.001,512,0.0,AdamW,ReduceLROnPlateau,0.001,0.01,25,10000.0,5.0,0.305118633641137
same,0.1,auto,relu,0.1,False,False,False,0.0,0.001,128,0.0,Adam,ReduceLROnPlateau,0.001,0.01,25,10000.0,5.0,0.3053595916264587
"[100,100,100]",0.2,"[100,100]",relu,0.2,False,False,False,0.0,0.001,1024,0.0,Adam,ReduceLROnPlateau,0.001,0.01,25,10000.0,5.0,0.3054461419582367
"[200,200,200]",0.5,None,relu,0.1,False,False,False,0.0,0.001,1024,0.0,Adam,ReduceLROnPlateau,0.001,0.01,25,10000.0,5.0,0.3057453274726868
same,0.1,"[100, 50]",relu,0.1,False,False,False,0.0,0.001,128,0.0,AdamW,ReduceLROnPlateau,0.001,0.01,25,10000.0,5.0,0.3057585188912021
same,0.1,auto,relu,0.1,False,False,False,0.0,0.001,128,0.0,RAdam,ReduceLROnPlateau,0.001,0.01,25,10000.0,5.0,0.30614159711533123
"[200,200,200]",0.5,"[200,200]",relu,0.5,False,False,False,0.1,0.001,1024,0.0,RAdam,ReduceLROnPlateau,0.001,0.01,25,10000.0,5.0,0.3110609471797943
same,0.5,None,relu,0.1,False,False,False,0.0,0.0004,128,0.0,RAdam,OneCycleLR,0.001,0.01,25,1000.0,5.0,0.3134943371017774
"[100, 100, 100]",0.1,"[100, 50]",relu,0.1,False,False,False,0.0,0.001,128,0.0,RAdam,ReduceLROnPlateau,0.001,0.01,25,10000.0,5.0,0.3136771271626155
same,0.1,"[100, 50]",relu,0.1,False,False,False,0.0,0.001,128,0.0,RAdam,ReduceLROnPlateau,0.001,0.01,25,10000.0,5.0,0.31494177919295097
same,0.5,None,relu,0.1,False,False,False,0.0,0.0004,64,0.0,RAdam,OneCycleLR,0.001,0.01,25,1000.0,5.0,0.316221737735708
same,0.5,None,relu,0.1,False,False,False,0.1,0.0004,64,0.0,RAdam,OneCycleLR,0.001,0.01,25,1000.0,5.0,0.3188279256434508
same,0.5,None,relu,0.1,False,False,False,0.1,0.0004,128,0.0,RAdam,OneCycleLR,0.001,0.01,25,1000.0,5.0,0.3369799136287636
"[100, 100, 100]",0.1,"[100, 50]",relu,0.1,False,False,False,0.0,0.001,128,0.0,RAdam,ReduceLROnPlateau,0.001,0.01,25,10000.0,5.0,0.8622291021671826
"[100, 100, 100]",0.1,"[100, 50]",relu,0.1,False,False,False,0.0,0.001,128,0.0,AdamW,ReduceLROnPlateau,0.001,0.01,25,10000.0,5.0,0.8651039363113666
"[100, 100, 100]",0.1,"[100, 50]",relu,0.1,False,False,False,0.0,0.03,128,0.0,RAdam,ReduceLROnPlateau,0.001,0.01,25,10000.0,5.0,0.8662096417514374
"[100, 100, 100]",0.1,"[100, 50]",relu,0.1,False,False,False,0.1,0.03,128,0.0,RAdam,ReduceLROnPlateau,0.001,0.01,25,10000.0,5.0,0.8679787704555506
"[100, 100, 100]",0.1,"[100, 50]",relu,0.1,False,False,False,0.1,0.001,128,0.0,Adam,ReduceLROnPlateau,0.001,0.01,25,10000.0,5.0,0.8679787704555506
"[100, 100, 100]",0.1,"[100, 50]",relu,0.1,False,False,False,0.0,0.001,128,0.0,Adam,ReduceLROnPlateau,0.001,0.01,25,10000.0,5.0,0.8688633348076072
"[100, 100, 100]",0.1,"[100, 50]",relu,0.1,False,False,False,0.1,0.001,128,0.0,RAdam,ReduceLROnPlateau,0.001,0.01,25,10000.0,5.0,0.8701901813356921
"[100, 100, 100]",0.1,"[100, 50]",relu,0.1,False,False,False,0.1,0.001,128,0.0,AdamW,ReduceLROnPlateau,0.001,0.01,25,10000.0,5.0,0.8708536045997346
